SKU,Product,Category,COST,PACKING COST,Cost_Price
VEAP0057_RTR_COVER_TL,GLASS RTR,TAIL LIGHT GLASS,,,45.0
VEAP81_RTR_4V_INDICATOR_1,INDICATOR 4V RTR,INDICATOR FACTORY,,,150.0
VEAP79_FZ S_TL_YAMHA_4,TAIL LIGHT FZS,TAIL LIGHT COMPLETE,,,67.0
VEAP0028_TLCT100,TAIL LIGHT COMPLETE CT100,TAIL LIGHT COMPLETE,,,70.0
VEAP0036_RTR_APCHE_TLBL,TAIL LIGHT COMPLETE RTR,TAIL LIGHT COMPLETE,,,320.0
VEAP0063_MINI_BLINKER_INDCTR_LGHT,JET INDICATOR,OTHER,,,100.0
VEAP0067_HANDLE_LIGHT_ORANGE_4,HANDLE LIGHT,OTHER,,,110.0
VEAP00345_HANDLE_MIRROR,HANDLE MIRROR,OTHER,,,170.0
VEAP0098_FZ_INDICATOR_SET_2,INDICATOR FZ,INDICATOR FACTORY,,,64.0
VEAP0001_TLUG3_v,UG3,TAIL LIGHT COMPLETE,,,200.0
VEAP0073_SPORTS_NM_COVER_3,TAIL LIGHT COVER CVTI SPORTS,TAIL LIGHT GLASS,,,40.0
VEAP0101_APACHE_RTR_BIG_INDCTR_SET_2_a,INDICATOR RTR BIG,INDICATOR FACTORY,,,70.0
VEAP0062_CYCLE_LOCK,CYCLE LOCK,OTHER,,,80.0
VEAP0073_SPORTS_NM_COVER_2,TAIL LIGHT COVER CVTI SPORTS,TAIL LIGHT GLASS,,,40.0
VEAP0029_NS_TL,TAIL LIGHT NS,TAIL LIGHT COMPLETE,,,285.0
VEAP0017_KTM_ORG_OE,INDICATOR KTM BIG,INDICATOR FACTORY,,,170.0
VEAP0098_FZ_INDICATOR_SET_4_GFD,INDICATOR FZ,INDICATOR FACTORY,,,118.0
VAEP0030_N/M_TLPP,TAIL LIGHT COMPLETE NM PP,TAIL LIGHT COMPLETE,,,110.0
VEAP82_YAMAHA_RX100,TAIL LIGHT COMPLETE RX100,TAIL LIGHT COMPLETE,,,85.0
VEAP0076_SPL_PLUS_TL_BL_1,TAIL LIGHT SPLENDOR PLUS,TAIL LIGHT COMPLETE,,,70.0
VEAP0057_RTR_COVER,GLASS RTR,TAIL LIGHT GLASS,,,45.0
VEAP0079_CLASSIC350_BOSS_TL_YW_3,HEAD LIGHT BOSS,MINUS BOSS PROJECTOR ETC,,,570.0
VEAP81_RTR_4V_INDIATOR_1_GU,INDICATOR 4V RTR,INDICATOR FACTORY,,,80.0
VEAP88_TAIL_LIGHT_BULLET_ROUND_BOSS,TAIL LIGHT BULLET ROUND BOSS,TAIL LIGHT COMPLETE,,,170.0
VAEP0025_SPLGRILLFULLKIT_N,SPLENDOR GRILL FULL KIT,OTHER,,,45.0
VEAP00345_HANDLE_MIRROR_1,HANDLE MIRROR,OTHER,,,170.0
VEAP0099_BULLET_INDICATOR_GLASS_ONLY_SET_2,INDICATOR GLASS BULLET,OTHER,,,40.0
VEAP94_YAMAHA_CRUX_TAIL_LIGHT_9,TAIL LIGHT COMPLETE CRUX,TAIL LIGHT COMPLETE,,,80.0
VEAP0031_VIKRANT_TL_V,TAIL LIGHT COMPLETE VIKRANT,TAIL LIGHT COMPLETE,,,625.0
VEAP0098_FZ_INDICATOR_SET_2_A,INDICATOR FZ,INDICATOR FACTORY,,,64.0
VEAP0077_SPL_PLUS_TRANSPRNT_COVER_TL_BL,TAIL LIGHT COVER SPLENDOR PLUS,TAIL LIGHT GLASS,,,35.0
VAEP0036_RTR_APCHE_TL_v,TAIL LIGHT COMPLETE RTR,TAIL LIGHT COMPLETE,,,320.0
VEAP0001_TLUG3_GREY3,UG3,TAIL LIGHT COMPLETE,,,200.0
VEAP0001_TLUG3_GREY1,UG3,TAIL LIGHT COMPLETE,,,200.0
VEAP94_YAMAHA_CRUX_TAIL_LIGHT_1,TAIL LIGHT COMPLETE CRUX,TAIL LIGHT COMPLETE,,,80.0
VEAP0086_BULLET_INDICATOR_WHITE_SET2_2,INDICATOR BULLET,OTHER,,,100.0
VEAP0079_CLASSIC350_BOSS_TL_YW,HEAD LIGHT BOSS,MINUS BOSS PROJECTOR ETC,,,570.0
VEAP0001_TLUG3_NIP,UG3,TAIL LIGHT COMPLETE,,,200.0
VEAP0083_METER_CASE_SPL_PLUS_9,METERCASE SPLENDOR PLUS,OTHER,,,80.0
VEAP0077_SPL_PLUS_TRANSPRNT_COVER_TL,TAIL LIGHT COVER SPLENDOR PLUS,TAIL LIGHT GLASS,,,35.0
VEAP0086_BULLET_INDICATOR_WHITE_SET2_3,INDICATOR BULLET,OTHER,,,110.0
VEAP0100_BULLET_INDICATOR_GLASS_ONLY_SET_4_SA,INDICATOR GLASS BULLET,OTHER,,,40.0
VEAP0001_TLUG3_VIC,UG3,TAIL LIGHT COMPLETE,,,200.0
VEAP0105_BOXER_CT100_TL,TAIL LIGHT COMPLETE BOXER CT,TAIL LIGHT COMPLETE,,,110.0
VEAP0029_NS_TL_G2,TAIL LIGHT NS,TAIL LIGHT COMPLETE,,,285.0
VEAP0074_SPL_COVER_TL,TAIL LIGHT COVER SPLENDOR,TAIL LIGHT GLASS,,,45.0
VAEP0036_RTR_APCHE_TL_G,TAIL LIGHT COMPLETE RTR,TAIL LIGHT COMPLETE,,,320.0
VAEP0025_SPLGRILLFULLKIT_2,SPLENDOR GRILL FULL KIT,OTHER,,,45.0
VEAP0007_SPLPRO,SPLENDOR INDICATOR,INDICATOR FACTORY,,,110.0
VEAP_BULLET_BOSS_HL_CLASSIC350,HEAD LIGHT BOSS,MINUS BOSS PROJECTOR ETC,,,570.0
VEAP0098_FZ_INDICATOR_SET_2_N,INDICATOR FZ,INDICATOR FACTORY,,,64.0
VEAP0074_NMPP_COVER,TAIL LIGHT COVER NM PP,TAIL LIGHT GLASS,,,40.0
VEAP0076_SPL_PLUS_TL_2,TAIL LIGHT SPLENDOR PLUS,TAIL LIGHT COMPLETE,,,70.0
VEAP0087_YAMAHA_RX100_fd,TAIL LIGHT COMPLETE RX100,TAIL LIGHT COMPLETE,,,85.0
VEAP0001_TLUG3_GREY5,UG3,TAIL LIGHT COMPLETE,,,200.0
VEAP0099_BULLET_INDICATOR_GLASS_ONLY_SET_2_1,INDICATOR GLASS BULLET,OTHER,,,40.0
VEAP0083_METER_CASE_SPL_PLUS,METERCASE SPLENDOR PLUS,OTHER,,,80.0
VEAP_BULLET_TL_OLD_MODEL_STANDARD_1,TAIL LIGHT BULLET OLD MODEL STANDARD EGG,TAIL LIGHT COMPLETE,,,90.0
VEAP_BULLET_TL_OLD_MODEL_STANDARD_2,TAIL LIGHT BULLET OLD MODEL STANDARD EGG,TAIL LIGHT COMPLETE,,,90.0
VEAP_FZ_TL_BL_1,TAIL LIGHT Fz,TAIL LIGHT COMPLETE,,,70.0
VEAP_FZ_TL_BL_2,TAIL LIGHT Fz,TAIL LIGHT COMPLETE,,,70.0
VEAP_BULLET_TL_OLD_MODEL_STANDARD_6,TAIL LIGHT BULLET OLD MODEL STANDARD EGG,TAIL LIGHT COMPLETE,,,90.0
VEAP0053_LEVERGUARD_WHITE_CL,LEVERGUARD WHITE,OTHER,,,135.0
VEAP_FZ_TL_BL_3,TAIL LIGHT Fz,TAIL LIGHT COMPLETE,,,70.0
VEAP00345_HANDLE_MIRROR_6,HANDLE MIRROR,OTHER,,,170.0
VEAP0104_SUPER_XL_TL_4,TAIL LIGHT COMPLETE XL SUPER,TAIL LIGHT COMPLETE,,,55.0
VAEP0025_SPLGRILLFULLKIT_G,SPLENDOR GRILL FULL KIT,OTHER,,,45.0
VEAP00345_HANDLE_MIRROR_9,HANDLE MIRROR,OTHER,,,170.0
VEAP00345_HANDLE_MIRROR_2,HANDLE MIRROR,OTHER,,,170.0
VEAP00345_HANDLE_MIRROR_3,HANDLE MIRROR,OTHER,,,170.0
VEAP00345_HANDLE_MIRROR_4,HANDLE MIRROR,OTHER,,,170.0
VEAP00345_HANDLE_MIRROR_5,HANDLE MIRROR,OTHER,,,170.0
VEAP0103_BULLET_INDICATOR_ORANGE_SET_OF_2_B,INDICATOR BULLET,INDICATOR FACTORY,,,100.0
VEAP0070_JET_INDCTR_SETOF4,JET INDICATOR,OTHER,,,190.0
VEAP0101_APACHE_RTR_BIG_INDCTR_SET_2_v,INDICATOR RTR BIG,INDICATOR FACTORY,,,70.0
VEAP0086_BULLET_INDICATOR_WHITE_SET2,INDICATOR BULLET,OTHER,,,100.0
VEAP0098_RX_100_HEAD_LIGHT_YAMAHA_1_F,HEAD LIGHT YAMAHA,"HEAD LIGHT YAMAHA , SPL",,,110.0
VEAP0100_BULLET_INDICATOR_GLASS_ONLY_SET_4_DF,INDICATOR GLASS BULLET,OTHER,,,80.0
VEAP0030_N/M_TLPP_V,TAIL LIGHT COMPLETE NM PP,TAIL LIGHT COMPLETE,,,100.0
VEAP0097_BULLET_REBORN_TL_RED_SILVER_1,TAIL LIGHT COMPLETE REBORN,TAIL LIGHT COMPLETE,,,160.0
VEAP0097_BULLET_REBORN_TL_RED_SILVER_2,TAIL LIGHT COMPLETE REBORN,TAIL LIGHT COMPLETE,,,160.0
VEAP0053_LEVERGUARD_RED,LEVERGUARD RED,OTHER,,,135.0
VEAP0097_BULLET_REBORN_TL_RED_SILVER_4,TAIL LIGHT COMPLETE REBORN,TAIL LIGHT COMPLETE,,,160.0
VEAP90_HANDLE_BAR_black_3,LEVERGUARD BLACK,OTHER,,,135.0
VEAP0097_BULLET_REBORN_TL_RED_SILVER,TAIL LIGHT COMPLETE REBORN,TAIL LIGHT COMPLETE,,,160.0
VEAP0033_STARSPORTS_CVTI_TL_G6,TAIL LIGHT COMPLETE CVTI,TAIL LIGHT COMPLETE,,,100.0
VEAP0097_BULLET_REBORN_TL_RED_SILVER_9,TAIL LIGHT COMPLETE REBORN,TAIL LIGHT COMPLETE,,,160.0
VEAP0033_STARSPORTS_CVTI_TL_G4,TAIL LIGHT COMPLETE CVTI,TAIL LIGHT COMPLETE,,,100.0
VEAP0053_LEVERGUARD_black_CL,LEVERGUARD BLACK,OTHER,,,135.0
VEAP0098_RX_100_HEAD_LIGHT_YAMAHA_1_A,HEAD LIGHT YAMAHA,"HEAD LIGHT YAMAHA , SPL",,,110.0
VEAP0098_RX_100_HEAD_LIGHT_YAMAHA_1_B,HEAD LIGHT YAMAHA,"HEAD LIGHT YAMAHA , SPL",,,110.0
VEAP0087_YAMAHA_RX100_G1,TAIL LIGHT COMPLETE RX100,TAIL LIGHT COMPLETE,,,85.0
VEAP0060_DISC_LOCK_SILVER_STEEL,DISC LOCK,OTHER,83.0,,90.0
VEAP0098_RX_100_HEAD_LIGHT_YAMAHA_1_C,HEAD LIGHT YAMAHA,"HEAD LIGHT YAMAHA , SPL",,,110.0
veap0100_HF_DELUXE_WHITE_SET_4,INDICATOR HF DLX,INDICATOR FACTORY,,,130.0
VEAP0033_STARSPORTS_CVTI_TL_G2,TAIL LIGHT COMPLETE CVTI,TAIL LIGHT COMPLETE,,,100.0
VEAP0053_LEVERGUARD_ORANGE_CL,LEVERGUARD ORANGE,OTHER,,,135.0
VEAP0033_STARSPORTS_CVTI_TL_G3,TAIL LIGHT COMPLETE CVTI,TAIL LIGHT COMPLETE,,,100.0
VEAP0098_RX_100_HEAD_LIGHT_YAMAHA_1_D,HEAD LIGHT YAMAHA,"HEAD LIGHT YAMAHA , SPL",,,110.0
VEAP0087_YAMAHA_RX100_G2,TAIL LIGHT COMPLETE RX100,TAIL LIGHT COMPLETE,,,100.0
VEAP0099_PROJECTOR_BULLET_HEADLIGHT,PROJETOR,MINUS BOSS PROJECTOR ETC,,,420.0
VEAP0101_APACHE_RTR_BIG_INDCTR_SET_2_x,INDICATOR RTR BIG,INDICATOR FACTORY,,,70.0
veap0100_HF_DELUXE_WHITE_SET_4_A,INDICATOR HF DLX,INDICATOR FACTORY,,,130.0
VEAP0076_SPL_PLUS_TL_BL_G3,TAIL LIGHT SPLENDOR PLUS,TAIL LIGHT COMPLETE,,,70.0
VEAP0042_ROUNDSMALL_MIRROR_111,HANDLE MIRROR,OTHER,,,170.0
VEAP81_RTR_4V_INDICATOR_45,INDICATOR 4V RTR,INDICATOR FACTORY,,,80.0
VEAP93_HANDLE_MIRROR,HANDLE MIRROR,OTHER,,,170.0
VEAP0105_BOXER_CT100_TL_E,TAIL LIGHT COMPLETE BOXER CT,TAIL LIGHT COMPLETE,,,100.0
VEAP0007_SPLPLUS_2,SPLENDOR INDICATOR,INDICATOR FACTORY,,,50.0
VEAP0105_BOXER_CT100_TL_A,TAIL LIGHT COMPLETE BOXER CT,TAIL LIGHT COMPLETE,,,100.0
VEAP0073_SPORTS_NM_COVER,TAIL LIGHT COVER CVTI SPORTS,TAIL LIGHT GLASS,,,40.0
VEAP0103_BULLET_INDICATOR_ORANGE_SET_OF_4,INDICATOR BULLET,OTHER,,,200.0
VEAP0037_RTR_CVR_TL_Q,TAIL LIGHT COVER RTR,TAIL LIGHT GLASS,,,45.0
VEAP0103_BULLET_INDICATOR_ORANGE_SET_OF_2,INDICATOR BULLET,OTHER,,,115.0
VEAP0099_PROJECTOR_BULLET_HEADLIGHT_F,PROJETOR,MINUS BOSS PROJECTOR ETC,,,420.0
VEAP0099_PROJECTOR_BULLET_HEADLIGHT_G,PROJETOR,MINUS BOSS PROJECTOR ETC,,,420.0
VEAP95_NEW_MIRROR,HANDLE MIRROR,OTHER,,,170.0
VEAP0099_PROJECTOR_BULLET_HEADLIGHT_B,PROJETOR,MINUS BOSS PROJECTOR ETC,,,420.0
VEAP0099_PROJECTOR_BULLET_HEADLIGHT_C,PROJETOR,MINUS BOSS PROJECTOR ETC,,,420.0
VEAP0101_APACHE_RTR_BIG_INDCTR_SET_4_c,INDICATOR RTR BIG,INDICATOR FACTORY,,,120.0
VEAP0001_TLUG3_VIC1,UG3,TAIL LIGHT COMPLETE,,,200.0
VAEP0028_TLCT100,TAIL LIGHT COMPLETE CT100,TAIL LIGHT COMPLETE,,,70.0
VEAP0099_PROJECTOR_BULLET_HEADLIGHT_D,PROJETOR,MINUS BOSS PROJECTOR ETC,,,420.0
VEAP0101_APACHE_RTR_BIG_INDCTR_SET_4_b,INDICATOR RTR BIG,INDICATOR FACTORY,,,130.0
VEAP0099_PROJECTOR_BULLET_HEADLIGHT_E,PROJETOR,MINUS BOSS PROJECTOR ETC,,,420.0
VEAP0101_APACHE_RTR_BIG_INDCTR_SET_4_a,INDICATOR RTR BIG,INDICATOR FACTORY,,,130.0
VEAP0097_BULLET_REBORN_TL_RED_SILVER10,TAIL LIGHT COMPLETE REBORN,TAIL LIGHT COMPLETE,,,150.0
VEAP0036_RTR_APCHE_TL_1,TAIL LIGHT COMPLETE RTR,TAIL LIGHT COMPLETE,,,320.0
VEAP81_RTR_4V_INDICATOR_11,INDICATOR 4V RTR,INDICATOR FACTORY,,,80.0
VEAP0047_NIGHTEYE_HL_NEW,NIGHTEYE,OTHER,,,500.0
VEAP0028_TLCT100_10,TAIL LIGHT COMPLETE CT100,TAIL LIGHT COMPLETE,,,70.0
VEAP0076_SPL_PLUS_TL_BL,TAIL LIGHT SPLENDOR PLUS,TAIL LIGHT COMPLETE,,,70.0
VEAP0001_TLUG3_9876,UG3,TAIL LIGHT COMPLETE,,,200.0
VEAP0007_SPLPLUS_ORANGE,SPLENDOR INDICATOR,INDICATOR FACTORY,,,90.0
VEAP0027_DISCDGTL_v,TAIL LIGHT DIS100,TAIL LIGHT COMPLETE,,,130.0
VEAP0086_SPL_PLUS_INDICATOR_S4_4,SPLENDOR INDICATOR,INDICATOR FACTORY,,,90.0
VEAP00345_HANDLE_MIRROR_11,HANDLE MIRROR,OTHER,,,170.0
VEAP0070_NEW_MIRROR_BIKE,HANDLE MIRROR,OTHER,,,170.0
VEAP00345_HANDLE_MIRROR_12,HANDLE MIRROR,OTHER,,,170.0
VEAP0078_IGNITR_H_TL,TAIL LIGHT COMLETE IGNITOR,TAIL LIGHT COMPLETE,,,100.0
VEAP0007_SPL_plus_unvrsl,SPLENDOR INDICATOR,INDICATOR FACTORY,,,90.0
VEAP_BULLET_TL_CLASSIC350,TAIL LIGHT CLASSIC SMALL ROUND,TAIL LIGHT COMPLETE,,,75.0
VEAP0075_RTR_NM_TL_G2,TAIL LIGHT COMPLETE RTR NM,TAIL LIGHT COMPLETE,,,325.0
VEAP0083_INDICATOR_RTR,INDICATOR 4V RTR,INDICATOR FACTORY,,,80.0
VEAP0075_RTR_NM_TL_G3,TAIL LIGHT COMPLETE RTR NM,TAIL LIGHT COMPLETE,,,325.0
VEAP0030_N/M_TLPP_RA,TAIL LIGHT COMPLETE NM PP,TAIL LIGHT COMPLETE,,,100.0
VEAP0101_APACHE_RTR_BIG_INDCTR_SET_2,INDICATOR RTR BIG,INDICATOR FACTORY,,,70.0
VEAP0075_RTR_NM_TL_G5,TAIL LIGHT COMPLETE RTR NM,TAIL LIGHT COMPLETE,,,325.0
VEAP0025_SPLGRILLFULLKIT_NEW,SPLENDOR GRILL FULL KIT,OTHER,,,45.0
VEAP0045_SPLGRILL_KIT_NEW_5,SPLENDOR GRILL FULL KIT,OTHER,,,45.0
VEAP0099_BULLET_INDICATOR_GLASS_ONLY_SET_2_AV,INDICATOR GLASS BULLET,OTHER,,,20.0
VEAP0001_TLUG3_TL_BL,UG3,TAIL LIGHT COMPLETE,,,200.0
VEAP0075_RTR_NM_TL_G6,TAIL LIGHT COMPLETE RTR NM,TAIL LIGHT COMPLETE,,,325.0
VEAP_BULLET_TL_OLD_MODEL_STANDARD_G1,TAIL LIGHT BULLET OLD MODEL STANDARD EGG,TAIL LIGHT COMPLETE,,,90.0
VEAP_BULLET_TL_OLD_MODEL_STANDARD_8_G2,TAIL LIGHT BULLET OLD MODEL STANDARD EGG,TAIL LIGHT COMPLETE,,,90.0
VEAP0098_FZ_INDICATOR_SET_4_GA,INDICATOR FZ,INDICATOR FACTORY,,,110.0
VEAP0037_RTR_CVR_TL,TAIL LIGHT COVER RTR,TAIL LIGHT GLASS,,,45.0
VEAP0029_NS_TL_BL,TAIL LIGHT NS,TAIL LIGHT COMPLETE,,,275.0
VEAP00345_HANDLE_MIRROR_00,HANDLE MIRROR,OTHER,,,170.0
VEAP0098_FZ_INDICATOR_SET_4_G,INDICATOR FZ,INDICATOR FACTORY,,,110.0
VEAP0075_RTR_NM_TLBL,TAIL LIGHT COMPLETE RTR NM,TAIL LIGHT COMPLETE,,,325.0
VEAP0098_FZ_INDICATOR_SET_4_V,INDICATOR FZ,INDICATOR FACTORY,,,110.0
VEAP0001_TLUG3A,UG3,TAIL LIGHT COMPLETE,,,200.0
VEAP0001_TLUG3B,UG3,TAIL LIGHT COMPLETE,,,200.0
VEAP80_BULLET_STANDARD_TL,TAIL LIGHT STANDARD ,TAIL LIGHT COMPLETE,,,100.0
VEAP0007_SPLPLUS_ORANGE_123,SPLENDOR INDICATOR,INDICATOR FACTORY,,,90.0
VEAP0037_RTR_CVR_TL_G1,TAIL LIGHT COVER RTR,TAIL LIGHT GLASS,,,45.0
VEAP_BULLET_TL_CLASSIC350_1,TAIL LIGHT CLASSIC SMALL ROUND,TAIL LIGHT COMPLETE,,,75.0
VEAP0103_BULLET_INDICATOR_ORANGE_SET_OF_4_A,INDICATOR BULLET,OTHER,,,200.0
VEAP0103_BULLET_INDICATOR_ORANGE_SET_OF_4_B,INDICATOR BULLET,OTHER,,,200.0
VEAP0047_RE_BULLET_STND_TL,TAIL LIGHT STANDARD ,TAIL LIGHT COMPLETE,,,100.0
VEAP0085_NMPP_TL,TAIL LIGHT COMPLETE NM PP,TAIL LIGHT COMPLETE,,,100.0
VEAP0086_SPL_PLUS_INDICATOR_S4,SPLENDOR INDICATOR,INDICATOR FACTORY,,,90.0
VEAP0100_BULLET_INDICATOR_GLASS_ONLY_SET_4,INDICATOR GLASS BULLET,OTHER,,,40.0
VEAP0001_TLUG3_s,UG3,TAIL LIGHT COMPLETE,,,200.0
VEAP0058_KTM_SMALL_INDICATOR_SET4,KTM INDICATOR SMALL,OTHER,,,70.0
VEAP0098_RX_100_HEAD_LIGHT_YAMAHA_1,HEAD LIGHT YAMAHA,"HEAD LIGHT YAMAHA , SPL",,,100.0
VEAP81_RTR_4V_INDICATOR_SET_4,INDICATOR 4V RTR,INDICATOR FACTORY,,,150.0
VEAP0031_VIKRANT_TL_BL,TAIL LIGHT COMPLETE VIKRANT,TAIL LIGHT COMPLETE,,,615.0
VEAP0029_NS_TL_G1,TAIL LIGHT NS,TAIL LIGHT COMPLETE,,,275.0
VEAP0029_NS_TL_G3,TAIL LIGHT NS,TAIL LIGHT COMPLETE,,,275.0
VEAP0029_NS_TL_G2,TAIL LIGHT NS,TAIL LIGHT COMPLETE,,,275.0
VEAP0031_VIKRANT_TL_G1,TAIL LIGHT COMPLETE VIKRANT,TAIL LIGHT COMPLETE,,,615.0
VAEP0036_RTR_APCHE_TL_vs,TAIL LIGHT COMPLETE RTR,TAIL LIGHT COMPLETE,,,300.0
VEAP0046_NEW_MIRROR,HANDLE MIRROR,OTHER,,,170.0
VEAP0079_CLASSIC350_BOSS_TL_YW_4,HEAD LIGHT BOSS,MINUS BOSS PROJECTOR ETC,,,570.0
VEAP0079_CLASSIC350_BOSS_TL_YW_2,HEAD LIGHT BOSS,MINUS BOSS PROJECTOR ETC,,,570.0
VEAP0103_BULLET_INDICATOR_ORANGE_SET_OF_2_ZA,INDICATOR BULLET,OTHER,,,115.0
VAEP0025_SPLGRILLFULLKIT_O,SPLENDOR GRILL FULL KIT,OTHER,,,45.0
VAEP0025_SPLGRILLFULLKIT_T,SPLENDOR GRILL FULL KIT,OTHER,,,45.0
VEAP0059_STICKER_INDICATOR,STICKER INDICATOR,OTHER,,,135.0
VEAP0099_PROJECTOR_BULLET_HEADLIGHT_NM,PROJETOR,MINUS BOSS PROJECTOR ETC,,,420.0
veap0100_HF_DELUXE_WHITE_SET_4__grey,INDICATOR HF DLX,INDICATOR FACTORY,,,115.0
VEAP0104_SUPER_XL_TL,TAIL LIGHT COMPLETE XL SUPER,TAIL LIGHT COMPLETE,,,50.0
VEAP94_YAMAHA_CRUX_TAIL_LIGHT_6,TAIL LIGHT COMPLETE CRUX,TAIL LIGHT COMPLETE,,,80.0
VEAP0075_RTR_NM_TL_G79,TAIL LIGHT COMPLETE RTR NM,TAIL LIGHT COMPLETE,,,325.0
VEAP88_TAIL_LIGHT_BULLET_ROUND_BOSS_2,TAIL LIGHT BULLET ROUND BOSS,TAIL LIGHT COMPLETE,,,170.0
VEAPF_BLUE_ROSE,BLUE ROSE,OTHER,,,80.0
VEAP0104_SUPER_XL_TL_A,TAIL LIGHT COMPLETE XL SUPER,TAIL LIGHT COMPLETE,,,50.0
VEAP0084_METER_i3s_SPEEDOCASE,METERCASE I3S,OTHER,,,85.0
VEAP0031_VIKRANT_TL_G4,TAIL LIGHT COMPLETE VIKRANT,TAIL LIGHT COMPLETE,,,615.0
veap0100_HF_DELUXE_WHITE_SET_4_D,INDICATOR HF DLX,INDICATOR FACTORY,,,130.0
veap0100_HF_DELUXE_WHITE_SET_4_C,INDICATOR HF DLX,INDICATOR FACTORY,,,130.0
VEAP0076_SPL_PLUS_TL_BL_G1,TAIL LIGHT SPLENDOR PLUS,TAIL LIGHT COMPLETE,,,70.0
veap0100_HF_DELUXE_WHITE_SET_4_B,INDICATOR HF DLX,INDICATOR FACTORY,,,115.0
VEAP0105_BOXER_CT100_TL_B,TAIL LIGHT COMPLETE BOXER CT,TAIL LIGHT COMPLETE,,,70.0
VEAP_BULLET_CLASSIC_TL_BL,TAIL LIGHT CLASSIC SMALL ROUND,TAIL LIGHT COMPLETE,,,75.0
VEAP0099_PROJECTOR_BULLET_HEADLIGHT_Adf,PROJETOR,MINUS BOSS PROJECTOR ETC,,,420.0
VEAP95_PASSION_PLUS_INDICATOR_SET_4_B,INDICATOR PASSION PLUS ORANGE,INDICATOR FACTORY,,,110.0
VAEP0036_RTR_APCHE_TL,TAIL LIGHT COMPLETE RTR,TAIL LIGHT COMPLETE,,,320.0
VEAP0075_RTR_NM_TL_G4,TAIL LIGHT COMPLETE RTR NM,TAIL LIGHT COMPLETE,,,325.0
VEAP0085_HF_DLX_SPEEDOMETER,METERCASE HF,OTHER,,,80.0
VEAP0075_RTR_NM_TL_G1,TAIL LIGHT COMPLETE RTR NM,TAIL LIGHT COMPLETE,,,325.0
VEAP_BULLET_TL_OLD_MODEL_STANDARD_8_G3,TAIL LIGHT BULLET OLD MODEL STANDARD EGG,TAIL LIGHT COMPLETE,,,90.0
VEAP0075_RTR_NM_TL_G8,TAIL LIGHT COMPLETE RTR NM,TAIL LIGHT COMPLETE,,,325.0
VEAP0098_FZ_INDICATOR_SET_4_B,INDICATOR FZ,INDICATOR FACTORY,,,115.0
VEAP0099_PROJECTOR_BULLET_HEADLIGHT_098,PROJETOR,MINUS BOSS PROJECTOR ETC,,,420.0
VEAP0083_METER_CASE_SPL_PLUS_10,METERCASE SPLENDOR PLUS,OTHER,,,80.0
VEAP0105_BOXER_CT100_TL_Z,TAIL LIGHT COMPLETE BOXER CT,TAIL LIGHT COMPLETE,,,80.0
VEAP00712_SPL_GRILL_OLD_MODEL_2,SPLENDOR GRILL FULL KIT,OTHER,,,45.0
VEAP0069_INDCTR_IN_LIGHT_ORANGE,INDICATOR LED BULB,OTHER,,,40.0
VEAP106_MINUS_BULLET_HL_1,MINUS BULLET,MINUS BOSS PROJECTOR ETC,,,570.0
VEAP106_MINUS_BULLET_HL_2,MINUS BULLET,MINUS BOSS PROJECTOR ETC,,,570.0
VEAP0107_PASSION_PRO_WHITE_INDCTR_SET_4_AA,INDICATOR PASSION PRO WHITE,INDICATOR FACTORY,,,110.0
VEAP94_YAMAHA_CRUX_TAIL_LIGHT_3,TAIL LIGHT COMPLETE CRUX,TAIL LIGHT COMPLETE,,,80.0
VEAP106_MINUS_BULLET_HL_3,MINUS BULLET,MINUS BOSS PROJECTOR ETC,,,570.0
VEAP0104_SUPER_XL_TL_3,TAIL LIGHT COMPLETE XL SUPER,TAIL LIGHT COMPLETE,,,50.0
VEAP0104_SUPER_XL_TL_5,TAIL LIGHT COMPLETE XL SUPER,TAIL LIGHT COMPLETE,,,50.0
VEAP96_PASSION_PLUS_INDICATOR_SET_2_GGH,INDICATOR PASSION PLUS ORANGE,INDICATOR FACTORY,,,55.0
VEAP0069_INDCTR_INTERIOR_LIGHT_ORANGE,INDICATOR LED BULB,OTHER,,,40.0
VEAP96_PASSION_PLUS_INDICATOR_SET_2_GGM,INDICATOR PASSION PLUS ORANGE,INDICATOR FACTORY,,,55.0
VEAP0031_VIKRANT_TL_G2,TAIL LIGHT COMPLETE VIKRANT,TAIL LIGHT COMPLETE,,,615.0
VEAP0076_SPL_PLUS_TL_12,TAIL LIGHT SPLENDOR PLUS,TAIL LIGHT COMPLETE,,,70.0
VAEP0025_SPLGRILLFULLKIT_VX,SPLENDOR GRILL FULL KIT,OTHER,,,45.0
VEAP0075_RTR_NM_TL_G11,TAIL LIGHT COMPLETE RTR NM,TAIL LIGHT COMPLETE,,,325.0
VEAP0002_KTM YELLOW_SET_4,INDICATOR KTM BIG,OTHER,,,120.0
VEAP95_PASSION_PLUS_INDICATOR_SET_4_D,INDICATOR PASSION PLUS ORANGE,INDICATOR FACTORY,,,118.0
VEAP95_PASSION_PLUS_INDICATOR_SET_4_C,INDICATOR PASSION PLUS ORANGE,INDICATOR FACTORY,,,118.0
VEAP82_YAMAHA_RX100_2,TAIL LIGHT COMPLETE RX100,TAIL LIGHT COMPLETE,,,100.0
VEAP0107_PASSION_PRO_WHITE_INDCTR_SET_4,INDICATOR PASSION PRO WHITE,INDICATOR FACTORY,,,118.0
VEAP95_PASSION_PLUS_INDICATOR_SET_4,INDICATOR PASSION PLUS ORANGE,INDICATOR FACTORY,,,118.0
VEAP_BULLET_TL_CLASSIC350_2,TAIL LIGHT CLASSIC SMALL ROUND,TAIL LIGHT COMPLETE,,,75.0
VEAP00712_SPL_GRILL_OLD_1,SPLENDOR GRILL FULL KIT,OTHER,,,45.0
VEAP106_MINUS_BULLET_HL,MINUS BULLET,MINUS BOSS PROJECTOR ETC,,,570.0
VEAP0105_BOXER_CT100_TL_M,TAIL LIGHT COMPLETE BOXER CT,TAIL LIGHT COMPLETE,,,80.0
VEAP0075_RTR_NM_TL,TAIL LIGHT COMPLETE RTR NM,TAIL LIGHT COMPLETE,,,335.0
VEAP0111_NTORQ_INDICATOR_SET_2,NTORQ  IND,INDICATOR FACTORY,170.0,,170.0
VEAP0111_NTORQ_INDICATOR_SET_2_C,NTORQ  IND,INDICATOR FACTORY,170.0,,170.0
VEAP0076_SPL_PLUS_TL_BL_9,TAIL LIGHT SPLENDOR PLUS,TAIL LIGHT COMPLETE,,,70.0
veap0100_HF_DELUXE_WHITE_SET_2,INDICATOR HF DLX,INDICATOR FACTORY,,,60.0
VEAP0060_DISC_LOCK_SILVER_STEEL_3,DISC LOCK,OTHER,83.0,,90.0
VEAP90_HANDLE_BAR_RED_2,LEVERGUARD RED,OTHER,,,
VEAP0111_NTORQ_INDICATOR_SET_2_B,NTORQ  IND,INDICATOR FACTORY,170.0,,170.0
VEAP0035_HANDLE_MIRROR_1990,HANDLE MIRROR,OTHER,,,170.0
VEAP0111_NTORQ_INDICATOR_SET_2_A,NTORQ  IND,INDICATOR FACTORY,170.0,,170.0
VEAP0060_DISC_LOCK_SILVER_STEEL_1,DISC LOCK,OTHER,83.0,,90.0
VEAP0060_DISC_LOCK_SILVER_STEEL_A,DISC LOCK,OTHER,83.0,,90.0
VEAP0030_N/M_TLPP_L,TAIL LIGHT COMPLETE NM PP,TAIL LIGHT COMPLETE,,,110.0
VEAP88_TAIL_LIGHT_BULLET_ROUND_BOSS_1,HEAD LIGHT BOSS,MINUS BOSS PROJECTOR ETC,,,570.0
VEAP0076_SPL_PLUS_TL_BL_G2,TAIL LIGHT SPLENDOR PLUS,TAIL LIGHT COMPLETE,,,70.0
VEAP0107_PASSION_PRO_WHITE_INDCTR_SET_4_B,INDICATOR PASSION PRO WHITE,INDICATOR FACTORY,,,110.0
VEAP0109_TWISTER_INDICATOR_WHITE_SET_4_A,INDICATOR TWISTER,INDICATOR FACTORY,,,140.0
VEAP0111_NTORQ_INDICATOR_SET_2_F,NTORQ  IND,INDICATOR FACTORY,,,170.0
VEAP00712_SPL_GRILL_OLD_MODEL,SPLENDOR GRILL FULL KIT,OTHER,,,45.0
VEAP0045_SPLGRILL_KIT_NEW,SPLENDOR GRILL FULL KIT,OTHER,,,45.0
VEAP0109_TWISTER_INDICATOR_WHITE_SET_2_AQ,INDICATOR TWISTER,INDICATOR FACTORY,,,70.0
VEAP_BULLET_CLASSIC_TL_BL_BLACK,TAIL LIGHT COMPLETE REBORN,TAIL LIGHT COMPLETE,,,170.0
VEAP96_PASSION_PLUS_INDICATOR_SET_2_WW,INDICATOR PASSION PLUS ORANGE,INDICATOR FACTORY,,,64.0
VEAP0109_TWISTER_INDICATOR_WHITE_SET_2_B,INDICATOR TWISTER,INDICATOR FACTORY,,,74.0
VEAP0107_PASSION_PRO_WHITE_INDCTR_SET_4_A,INDICATOR PASSION PRO WHITE,INDICATOR FACTORY,,,118.0
VEAP0107_PASSION_PRO_WHITE_INDCTR_SET_2_V,INDICATOR PASSION PRO WHITE,INDICATOR FACTORY,,,64.0
VEAP0109_TWISTER_INDICATOR_WHITE_SET_2_C,INDICATOR TWISTER,INDICATOR FACTORY,,,75.0
VEAP0107_PASSION_PRO_WHITE_INDCTR_SET_2,INDICATOR PASSION PRO WHITE,INDICATOR FACTORY,,,64.0
VEAP0079_CLASSIC350_BOSS_TL_YW_1,HEAD LIGHT BOSS,MINUS BOSS PROJECTOR ETC,,,570.0
VEAP0107_PASSION_PRO_WHITE_INDCTR_SET_4_J,INDICATOR PASSION PRO WHITE,INDICATOR FACTORY,,,120.0
VEAP0060_DISC_LOCK_SILVER_STEEL_2,VEAP0060_DISC_LOCK_SILVER_STEEL_1,OTHER,,,90.0
VEAP_W/O_RING_MINUS,W/O RING,MINUS BOSS PROJECTOR ETC,,,570.0
VEAP0076_SPL_TAIL_LIGHT,TAIL LIGHT SPLENDOR PLUS,TAIL LIGHT COMPLETE,,,75.0
VEAP120_THAI_PAD_RED_ENGLAND_B,THAI PAD,OTHER,,,135.0
VEAP0098_RX_100_HEAD_LIGHT_YAMAHA_/A/,HEAD LIGHT YAMAHA,"HEAD LIGHT YAMAHA , SPL",,,110.0
VEAP0001_TLUG3_v _NA,UG3,TAIL LIGHT COMPLETE,,,200.0
VEAP119_SPL_BOSS_HL_B,SPL  BOSS HL,"POLICE , SPL BOSS , L SHAPE , SKULL",,,210.0
VEAP0001_TLUG3_v _G,UG3,TAIL LIGHT COMPLETE,,,200.0
VEAP119_SPL_BOSS_HL_C,SPL  BOSS HL,"POLICE , SPL BOSS , L SHAPE , SKULL",,,210.0
VEAP122_POLICE_SPL_HL_A,HEADLIGHT POLICE,"POLICE , SPL BOSS , L SHAPE , SKULL",,,200.0
VEAP0084_DIS100_TL,TAIL LIGHT DIS 100,TAIL LIGHT COMPLETE,,,130.0
VEAP82_YAMAHA_RX100_4,TAIL LIGHT COMPLETE RX100,TAIL LIGHT COMPLETE,,,80.0
VEAP0098_RX_100_HEAD_LIGHT_YAMAHA_QB,HEAD LIGHT YAMAHA,"HEAD LIGHT YAMAHA , SPL",,,110.0
VEAP120_THAI_PAD_RED_ENGLAND_AA,THAI PAD,OTHER,,,135.0
VEAP120_THAI_PAD_BLUE_ENGLAND_BL,THAI PAD,OTHER,,,135.0
VEAP120_THAI_PAD_RED_ENGLAND_C,THAI PAD,OTHER,,,135.0
VEAP117_CD_DELUXE_TAIL_LIGHT,TAIL LIGHT CD DELUXE,TAIL LIGHT COMPLETE,,,80.0
VEAP_BULLET_TL_OLD_MODEL_STANDARD_10,TAIL LIGHT BULLET OLD MODEL STANDARD EGG,TAIL LIGHT COMPLETE,,,80.0
VEAP_W/O_RING_MINUS_G,W/O RING,MINUS BOSS PROJECTOR ETC,,,570.0
VEAP118_SPL_NORMAL_HEADLIGHT_10,HEADLIGHT POLICE,"POLICE , SPL BOSS , L SHAPE , SKULL",,,200.0
VEAP_W/O_RING_MINUS_2,W/O RING,MINUS BOSS PROJECTOR ETC,,,570.0
VEAP0098_RX_100_HEAD_LIGHT_YAMAHA_QD,HEAD LIGHT YAMAHA,"HEAD LIGHT YAMAHA , SPL",,,110.0
VEAP120_THAI_PAD_RED_ENGLAND_1,THAI PAD,OTHER,,,135.0
VEAP0076_SPL_TAIL_LIGHT_C,TAIL LIGHT SPLENDOR PLUS,TAIL LIGHT COMPLETE,,,70.0
VEAP106_MINUS_BULLET_HL_N2,MINUS BULLET,MINUS BOSS PROJECTOR ETC,,,570.0
VEAP0098_RX_100_HEAD_LIGHT_YAMAHA_QE,HEAD LIGHT YAMAHA,"HEAD LIGHT YAMAHA , SPL",,,110.0
VEAP106_MINUS_BULLET_HL_N3,MINUS BULLET,MINUS BOSS PROJECTOR ETC,,,570.0
VEAP_W/O_RING_MINUS_N,W/O RING,MINUS BOSS PROJECTOR ETC,,,570.0
VEAP106_MINUS_BULLET_HL_N7,MINUS BULLET,MINUS BOSS PROJECTOR ETC,,,570.0
VEAP0113_5_LED_FOG_LIGHT_SET_1_B,LED 5 FOG LIGHT,OTHER,,,240.0
VEAP0098_RX_100_HEAD_LIGHT_YAMAHA_QC,HEAD LIGHT YAMAHA,"HEAD LIGHT YAMAHA , SPL",,,110.0
VEAP0001_TLUG3_v _V,UG3,TAIL LIGHT COMPLETE,,,200.0
VEAP106_MINUS_BULLET_HL_N4,W/O RING,MINUS BOSS PROJECTOR ETC,,,570.0
VEAP119_SPL_BOSS_HL_A,SPL  BOSS HL,"POLICE , SPL BOSS , L SHAPE , SKULL",,,210.0
VEAP106_MINUS_BULLET_HL_N1,MINUS BULLET,MINUS BOSS PROJECTOR ETC,,,570.0
VEAP0098_RX_100_HEAD_LIGHT_YAMAHA_QA,HEAD LIGHT YAMAHA,"HEAD LIGHT YAMAHA , SPL",,,110.0
VEAP119_SPL.SKULL_HEADLIGHT_1,SPL SKULL,"POLICE , SPL BOSS , L SHAPE , SKULL",,,300.0
VEAP114_PLATINA_WHITE_SET_OF_4,INDICATOR PLATINA WHITE,INDICATOR FACTORY,,,120.0
VEAP95_PASSION_PLUS_INDICATOR_SET_4_E,INDICATOR PASSION PLUS ORANGE,INDICATOR FACTORY,,,140.0
VEAP114_PLATINA_WHITE_SET_OF_4_OE,INDICATOR PLATINA WHITE,INDICATOR FACTORY,,,120.0
VEAP117_CD_DELUXE_TAIL_LIGHT_B,TAIL LIGHT CD DELUXE,TAIL LIGHT COMPLETE,,,80.0
VEAP0076_SPL_TAIL_LIGHT_B,TAIL LIGHT SPLENDOR PLUS,TAIL LIGHT COMPLETE,,,70.0
VEAP119_SPL_BOSS_HL,SPL  BOSS HL,"POLICE , SPL BOSS , L SHAPE , SKULL",,,210.0
VEAP_W/O_RING_MINUS_A,W/O RING,MINUS BOSS PROJECTOR ETC,,,570.0
VEAP119_SPL.SKULL_HEADLIGHT_4,SPL SKULL,"POLICE , SPL BOSS , L SHAPE , SKULL",,,300.0
VEAP117_CD_DELUXE_TAIL_LIGHT_A,TAIL LIGHT CD DELUXE,TAIL LIGHT COMPLETE,,,80.0
VEAP0076_SPL_TAIL_LIGHT_A,TAIL LIGHT SPLENDOR PLUS,TAIL LIGHT COMPLETE,,,70.0
VEAP119_SPL.SKULL_HEADLIGHT_3,SPL SKULL,"POLICE , SPL BOSS , L SHAPE , SKULL",,,300.0
VEAP119_SPL.SKULL_HEADLIGHT_ae,SPL SKULL,"POLICE , SPL BOSS , L SHAPE , SKULL",,,300.0
VEAP0061_SPL_PRO_HEADLIGHT,HEADLIGHT SPL,"HEAD LIGHT YAMAHA , SPL",,,100.0
VAEP0036_RTR_APCHE_TL_VV,TAIL LIGHT COMPLETE RTR,TAIL LIGHT COMPLETE,,,320.0
VEAP0107_PASSION_PRO_WHITE_INDCTR_SET_4_BB,INDICATOR PASSION PRO WHITE,INDICATOR FACTORY,,,135.0
VEAP122_POLICE_SPL_HL,HEADLIGHT POLICE,"POLICE , SPL BOSS , L SHAPE , SKULL",,,200.0
VEAP120_THAI_PAD_BLUE_ENGLAND_B,THAI PAD,OTHER,,,135.0
VEAP122_POLICE_SPL_HL_B,HEADLIGHT POLICE,"POLICE , SPL BOSS , L SHAPE , SKULL",,,200.0
VEAP0079_CLASSIC350_BOSS_TL_YW_5,HEAD LIGHT BOSS,MINUS BOSS PROJECTOR ETC,,,570.0
VEAP122_POLICE_SPL_HL_C,HEADLIGHT POLICE,"POLICE , SPL BOSS , L SHAPE , SKULL",,,200.0
VEAP122_POLICE_SPL_HL_D,HEADLIGHT POLICE,"POLICE , SPL BOSS , L SHAPE , SKULL",,,200.0
VEAP0099_PROJECTOR_BULLET_HEADLIGHT_1,PROJETOR,MINUS BOSS PROJECTOR ETC,,,420.0
VEAP0076_SPL_TAIL_LIGHT_D,TAIL LIGHT SPLENDOR PLUS,TAIL LIGHT COMPLETE,,,70.0
VAEP0036_RTR_APCHE_TL_v_RA,TAIL LIGHT COMPLETE RTR,TAIL LIGHT COMPLETE,,,320.0
VAEP0036_RTR_APCHE_TL_v_RT,TAIL LIGHT COMPLETE RTR,TAIL LIGHT COMPLETE,,,320.0
VEAP_BULLET_BOSS_HL_CLASSIC350_RAR,HEAD LIGHT BOSS,MINUS BOSS PROJECTOR ETC,,,570.0
VEAP_BULLET_BOSS_HL_CLASSIC350_GR,HEAD LIGHT BOSS,MINUS BOSS PROJECTOR ETC,,,570.0
VEAP124_ROYEL_ENFIELD_CROME HL_A,REBORN HL CHROME,OTHER,,,485.0
VAEP0036_RTR_APCHE_TL_v_G,TAIL LIGHT COMPLETE RTR,TAIL LIGHT COMPLETE,,,320.0
VEAP0001_TLUG3_v _RA,UG3,TAIL LIGHT COMPLETE,,,200.0
VEAP0109_TWISTER_INDICATOR_WHITE_SET_4_CC,INDICATOR TWISTER,INDICATOR FACTORY,,,150.0
VEAP_BULLET_BOSS_HL_CLASSIC350_NA,HEAD LIGHT BOSS,MINUS BOSS PROJECTOR ETC,,,570.0
VEAP_123_RP_RACING_ORGNL_MINUS_HL_C,MINUS RP RACING,MINUS BOSS PROJECTOR ETC,,,1270.0
VEAP_123_RP_RACING_ORGNL_MINUS_HL_1,MINUS RP RACING,MINUS BOSS PROJECTOR ETC,,,1270.0
VEAP0113_5_LED_FOG_LIGHT_SET_2_C,LED 5 FOG LIGHT,OTHER,,,240.0
VEAP124_ROYEL_ENFIELD_CROME HL_B,REBORN HL CHROME,OTHER,,,485.0
VEAP_123_RP_RACING_ORGNL_MINUS_HL_A,MINUS RP RACING,MINUS BOSS PROJECTOR ETC,,,1330.0
VEAP124_ROYEL_ENFIELD_CROME HL,REBORN HL CHROME,OTHER,,,485.0
VEAP123_MASTER_CYL_LEVER,MASTER CYL LEVER,MASTER CYLINDER,,,200.0
VEAP_123_RP_RACING_ORGNL_MINUS_HL_B,MINUS RP RACING,MINUS BOSS PROJECTOR ETC,,,1330.0
VEAP118_DRL_BODY_INDICATOR_SET_2_A,DRL INDICATOR,OTHER,,,135.0
VEAP_BULLET_BOSS_HL_CLASSIC350_RT,HEAD LIGHT BOSS,MINUS BOSS PROJECTOR ETC,,,570.0
VEAP0001_TLUG3_v _RT,UG3,TAIL LIGHT COMPLETE,,,200.0
VEAP120_THAI_PAD_BLUE_ENGLAND_BLUE,THAI PAD,OTHER,,,135.0
VEAP0028_TLCT100_a,TAIL LIGHT COMPLETE CT100,TAIL LIGHT COMPLETE,,,70.0
VEAP120_THAI_PAD_RED_ENGLAND,THAI PAD,OTHER,,,135.0
VEAP0001_TLUG_3,ug3,TAIL LIGHT COMPLETE,,,200.0
VEAP118_DRL_BODY_INDICATOR_SET_2_B,DRL INDICATOR,OTHER,,,135.0
VEAP120_THAI_PAD_RED_ENGLAND_M,THAI PAD,OTHER,,,135.0
VEAP96_PASSION_PLUS_INDICATOR_SET_2,INDICATOR PASSION PRO WHITE,INDICATOR FACTORY,,,110.0
VEAP96_PASSION_PLUS_INDICATOR_SET_2_QQ,INDICATOR PASSION PRO WHITE,INDICATOR FACTORY,,,110.0
VEAP118_DRL_BODY_INDICATOR_SET_2_C,DRL INDICATOR,OTHER,,,135.0
VEAP123_MASTER_CYL_LEVER_2,MASTER CYL LEVER,MASTER CYLINDER,,,200.0
VEAP123_MASTER_CYL_LEVER_UNICORN,MASTER CYL LEVER,MASTER CYLINDER,,,200.0
VEAP126_MASTER_CYL_RTR_SILVER_z,MASTER CYL SILVER,MASTER CYLINDER,,,200.0
VEAP0007_SPLPLUS_SETOF4,SPLENDOR INDICATOR,INDICATOR FACTORY,,,110.0
VEAP96_PASSION_PLUS_INDICATOR_SET_2_I,INDICATOR PASSION PLUS ORANGE,INDICATOR FACTORY,,,120.0
VEAP0076_SPL_PLUS_BL,TAIL LIGHT SPLENDOR PLUS,TAIL LIGHT COMPLETE,,,70.0
VEAP126_MASTER_CYL_RTR_SILVER_zbxx,MASTER CYL SILVER,MASTER CYLINDER,,,200.0
VEAP126_MASTER_CYL_RTR_SILVER_za,MASTER CYL SILVER,MASTER CYLINDER,,,200.0
VEAP123_MASTER_CYL_LEVER_UNICORN_A,MASTER CYL LEVER,MASTER CYLINDER,,,200.0
VEAP126_MASTER_CYL_RTR_SILVER,MASTER CYL SILVER,MASTER CYLINDER,,,200.0
VEAP126_MASTER_CYL_RTR_SILVER_zbv,MASTER CYL SILVER,MASTER CYLINDER,,,200.0
VEAP126_MASTER_CYL_RTR_SILVER_1990,MASTER CYL SILVER,MASTER CYLINDER,,,200.0
VEAP126_MASTER_CYL_RTR_SILVER_bxz,MASTER CYL SILVER,MASTER CYLINDER,,,200.0
VEAP126_MASTER_CYL_RTR_SILVER_QZ,MASTER CYL SILVER,MASTER CYLINDER,,,200.0
VEAP126_MASTER_CYL_RTR_SILVER_B,MASTER CYL SILVER,MASTER CYLINDER,,,200.0
VEAP129_FZ_MASTER_CYL_FZ,MASTER CYL FZ,MASTER CYLINDER,,,200.0
VEAP128_PULSER_MASTER_CYL_PULSER,MASTER CLY PULSER,MASTER CYLINDER,,,200.0
VEAP126_MASTER_CYL_RTR_SILVER_as,MASTER CYL SILVER,MASTER CYLINDER,,,200.0
VEAP123_MASTER_CYL_LEVER_UNICORN_B,MASTER CYL LEVER,MASTER CYLINDER,,,200.0
VEAP123_MASTER_CYL_LEVER_UNICORN_AZ,MASTER CYL LEVER,MASTER CYLINDER,,,200.0
VEAP00130_THAR_BULLET_R_HL_123,THAR R,MINUS BOSS PROJECTOR ETC,,,600.0
VEAP120_THAI_PAD_BLUE_ENGLAND,THAI PAD,OTHER,,,145.0
VAAP0018_KTM_ORG,KTM BIG,OTHER,,,160.0
VEAP00130_THAR_BULLET_R_HL_B_A,THAR R,MINUS BOSS PROJECTOR ETC,,,600.0
VEAP124_ROYEL_ENFIELD_CROME HL_D,REBORN HL CHROME,OTHER,,,485.0
VEAP00131_TL_BL_RED_DISCOVER_RED_B,DISCOVER RED,TAIL LIGHT COMPLETE,,,100.0
VEAP00130_THAR_BULLET_R_HL_190,THAR R,MINUS BOSS PROJECTOR ETC,,,600.0
VEAP00130_THAR_BULLET_R_HL,THAR R,MINUS BOSS PROJECTOR ETC,,,600.0
VAEP0036_RTR_APCHE_TL_v_NA,TAIL LIGHT COMPLETE RTR,TAIL LIGHT COMPLETE,,,300.0
VEAP0038_SPDR_CHRGR_mbl,SPIDER,OTHER,,,125.0
VEAP0048_OWL_HL,OWL,OTHER,,,100.0
VEAP0048_C6_HL_H4,C6_HL,OTHER,,,200.0
VEAP123_MASTER_CYL_LEVER_UNICORN_C,MASTER CYL LEVER,MASTER CYLINDER,,,200.0
VAEP0025_SPLGRILLFULLKIT_11,SPL GRILL,OTHER,,,45.0
VEAP0048_C6_HL_H4_5,C6_HL,OTHER,,,200.0
VEAP96_PASSION_PLUS_INDICATOR_SET_2_EE,INDICATOR PASSION PRO WHITE,INDICATOR FACTORY,,,60.0
VEAP118_SKULL_ROYEL_ENFIELD,SKULL,MINUS BOSS PROJECTOR ETC,,,560.0
VEAP112_PLATINA_ORANGE_SET_OF_4,INDICATOR PLATINA ORANGE,INDICATOR FACTORY,,,120.0
VEAP00132_HL_L_SHAPE_SPL_BOSS_NEW_C,SPL BOSS L SHAPE,"POLICE , SPL BOSS , L SHAPE , SKULL",,,200.0
VEAP00131_TL_BL_RED_DISCOVER_RED,TAIL LIGHT DISCOVER RED,TAIL LIGHT COMPLETE,,,80.0
VEAP129_FZ_MASTER_CYL_FZ_A,MASTER CYL FZ,MASTER CYLINDER,,,200.0
VEAP00132_HL_L_SHAPE_SPL_BOSS_NEW,SPL BOSS L SHAPE,"POLICE , SPL BOSS , L SHAPE , SKULL",,,200.0
VEAP00133_HL_BULLET_HALF_R_SHAPE_HL_K,BULLET HALF R,MINUS BOSS PROJECTOR ETC,,,550.0
VEAP00132_HL_L_SHAPE_SPL_BOSS_NEW_B,SPL BOSS L SHAPE,"POLICE , SPL BOSS , L SHAPE , SKULL",,,200.0
VEAP00133_HL_BULLET_HALF_R_SHAPE_HL_C,BULLET HALF R,MINUS BOSS PROJECTOR ETC,,,550.0
